Carey,https://b.thumbs.redditmedia.com/xs_u4kMf82sA_jXAUNfQNEkyEaaM2vZ5Vnl0HwJJWgE.jpg,vow4quwogkw3mgewnh99ibyh6nt2,Tristian,"Veniam odit quas vero repellendus quos reprehenderit eius rerum maiores. Suscipit laborum id. Excepturi provident repudiandae vel. Delectus dolores quos dolor aliquid assumenda ut non corporis. Ratione soluta vel neque dolor eaque dolor rem.
Modi debitis fuga commodi beatae ad dolorum consequuntur. Perspiciatis sequi alias omnis. Debitis dignissimos officia. Similique quo repellat recusandae quisquam deleniti facere hic qui eligendi. Enim atque ea vitae vitae quae voluptatem velit.
Cupiditate aut rem corporis nisi eligendi nisi repellat. Sed fugiat saepe totam. Quam dolorem inventore placeat voluptate aspernatur commodi voluptate aliquid molestiae. Inventore et aperiam atque aspernatur sit dolorum consequatur quos amet. Quia quidem eum dolore consequuntur veritatis tenetur illum.",2023-04-06T12:34:20.788Z,true,2
Kiarra,https://b.thumbs.redditmedia.com/TbEt1N0UWN9diuuU8Gv4dr03EiAomc4E4T6Cm5V7rLY.jpg,tnoafnuluolkktctnumhgfwzcdzt,Zora,Fugiat vero facere ratione expedita. Excepturi suscipit pariatur. Numquam nulla iure dolore laboriosam similique nesciunt illo eligendi vero. Officia est ut tempora minima excepturi sapiente asperiores. Animi veritatis ut explicabo asperiores inventore expedita. Et repudiandae vitae dolorem magni optio doloremque illo eveniet quaerat.,2023-03-28T09:54:07.167Z,false,1
Joan,https://b.thumbs.redditmedia.com/MuRxY5udIDjocQPrCRlplg8Rvb0aMSfZuPDOBJLxcoc.jpg,r4459y56lqfudu3ue45ke4o5e4kr,Vinnie,"Saepe fuga officia modi unde. Suscipit amet in sunt adipisci. Voluptate ipsum voluptates magni assumenda. Expedita numquam architecto. Magnam ipsa quisquam temporibus excepturi. Nam quibusdam aspernatur eius natus.
Explicabo voluptates molestias eos. Odit ipsam aspernatur pariatur. Ratione ratione iste dolores necessitatibus cumque adipisci. Deserunt voluptatem exercitationem labore.",2023-04-10T23:32:47.362Z,true,3
Yessenia,https://b.thumbs.redditmedia.com/VEfHMZRmk8uWYzuqKaEnQafm80C0Kch8EeCCeBY_yUs.jpg,064nqbkkl6i8md1w756sdspnu49t,Juana,Voluptas corrupti recusandae minima modi pariatur reiciendis. Quidem aperiam sunt animi facilis in veniam. Commodi molestiae quas dignissimos architecto recusandae. Non at beatae magni neque laborum placeat a porro. Eius iste dolorum officia corporis. Cupiditate iste iure ex aspernatur accusantium labore animi.,2023-04-13T00:45:44.439Z,false,3
Gerardo,https://b.thumbs.redditmedia.com/D3R1TvQ8jCvDp_HKsmvQD009pW5RfXdrPoW3eXJvQfg.jpg,kto9ofcofy0zt6iusknj33162zte,Ivory,"Eveniet temporibus deleniti dolorem cumque porro nobis aliquid ipsam quam. Non blanditiis quia veniam ullam quo. Unde sint repellat praesentium dolore sequi nobis. Molestias nemo eligendi.
Architecto tempora fugiat voluptatum odit voluptatum doloribus cupiditate delectus. Quidem enim distinctio. Et delectus reprehenderit odio distinctio placeat cum quo.
Corrupti temporibus minima excepturi commodi repellendus amet sequi. Ut aperiam optio accusamus totam a amet numquam expedita facilis. Sunt mollitia culpa non omnis sit quasi officia vitae. Deserunt provident quae assumenda illo quasi odio. Perspiciatis debitis accusamus a magnam labore molestias mollitia. Incidunt atque omnis maxime.",2023-04-19T02:05:31.045Z,false,3
Erica,https://b.thumbs.redditmedia.com/mx-3LueuSoQDtldaNTbkTjxly6bcEfbJ8d4DXzpPleM.jpg,jtzza2ancwxw0os9fc8xfmy2cjds,Alexander,"Provident fugit sint exercitationem excepturi quasi aliquam enim non quaerat. Neque vitae enim occaecati distinctio voluptates accusantium repudiandae. A accusamus dolorum distinctio ut. Accusantium nostrum maxime magnam omnis labore. In mollitia fugiat facere modi. Hic quod et veniam tenetur quo ipsum laboriosam.
Deserunt iure occaecati porro perspiciatis eaque odit unde. Fugiat neque rerum dolor ducimus alias consequatur consequatur at quasi. Rem deserunt omnis. Unde aspernatur harum numquam praesentium necessitatibus similique. Tenetur accusamus voluptatem doloremque.
Reprehenderit delectus nihil velit quae facilis laborum. Maxime dicta sapiente quisquam. Voluptates dolor nam laudantium corrupti doloribus dicta officiis sit. Unde et impedit nam asperiores adipisci veniam perferendis sequi modi.",2023-04-06T05:27:07.521Z,true,5
Benton,https://b.thumbs.redditmedia.com/mx-3LueuSoQDtldaNTbkTjxly6bcEfbJ8d4DXzpPleM.jpg,1jo7m490wiu5cznoi0qsfkip27y7,Weldon,"Maiores accusamus assumenda tempora aliquid. Nam reiciendis accusamus. Voluptas dolores nostrum ipsam rerum itaque.
Illum voluptatem aut mollitia soluta est perspiciatis. Vero rem odio nam soluta error harum illo quas. Perferendis vitae aut ex officiis optio dolor. Amet ex ducimus repudiandae. Nihil occaecati iusto pariatur dolor nemo architecto repellendus hic vero. Esse optio qui ipsum fugiat alias minus ex deleniti.
Fugit rerum hic sint. Placeat ducimus sint in commodi impedit ab molestiae beatae iste. Officiis iste pariatur necessitatibus blanditiis corporis ea soluta totam. Fugit facere tempora tempora ducimus ipsa. Facere autem placeat totam. Id consectetur eaque fugiat possimus tempore voluptatem neque consequatur.",2023-04-13T23:30:19.597Z,false,1
Nat,https://b.thumbs.redditmedia.com/5wnyKRdZmjgABfQHOThAXVLVILl2k3Kg7o7RJzvlVKc.jpg,sjf9e1q137i17yajhq6wlf2v4iv1,Merlin,"Enim ut nihil reprehenderit fugiat sint praesentium perspiciatis. Corrupti omnis nam blanditiis officiis commodi amet impedit animi. Odio veniam totam dolor molestias ipsam deserunt at.
Deserunt molestias atque nulla ullam expedita. Natus fuga dolore. Fugiat delectus omnis velit. Eum sequi consequatur molestias unde nihil vel excepturi eius. Consequuntur vel commodi libero occaecati soluta commodi enim. Nihil officia perferendis cum voluptatum eaque.
Voluptates facilis dolor exercitationem officiis ipsam officiis repellat optio nulla. Ratione recusandae ipsam quo. Quasi architecto consectetur cupiditate.",2023-04-11T01:39:07.083Z,false,2
Jefferey,https://b.thumbs.redditmedia.com/2CWGtte5_zRsAsmx5Y2A5T8FbidtNw4-2WTjOmL48yM.jpg,rm98unmfsa27cl3d76116gnqe8m2,Vida,Sed deleniti aspernatur error sapiente laborum quod minus. Facilis neque molestiae perferendis. Est unde beatae corporis nobis veritatis excepturi error nostrum porro. Ea nostrum alias alias sint. Eaque in quis itaque quia molestias molestias.,2023-04-25T00:34:23.029Z,false,1
Donny,https://b.thumbs.redditmedia.com/xs_u4kMf82sA_jXAUNfQNEkyEaaM2vZ5Vnl0HwJJWgE.jpg,4ddq2anbchnkfydfd4qkg5nmrpi9,Magali,Architecto enim quisquam facilis recusandae minus rem. Aut soluta aliquid explicabo fugit. Asperiores pariatur cupiditate ipsa magnam explicabo tempora iusto quae. Nostrum nam veniam magnam ad.,2023-04-24T07:54:28.035Z,true,2
Eldred,https://b.thumbs.redditmedia.com/HneKNUdDirVSIR4yUZiOPwLvxDSxgqwEt6_TRKB960s.jpg,z5hqbsc45w96u5msi18007n1u813,Fleta,"Natus quaerat cumque non. Temporibus officia cupiditate hic. Delectus nulla fugiat. Sint eveniet pariatur impedit ducimus assumenda eligendi nobis neque. Illo id suscipit. In aperiam excepturi cumque voluptatum voluptatum dolor perspiciatis sunt eos.
Veritatis sint odit minima dolore suscipit eligendi. Perspiciatis cumque alias nisi. Voluptatum vel illo consequuntur voluptatem dicta maxime fugit rem. Quasi id molestiae est quibusdam reiciendis aliquam molestiae vero debitis.",2023-04-22T18:40:57.659Z,false,4
Gregg,https://b.thumbs.redditmedia.com/mx-3LueuSoQDtldaNTbkTjxly6bcEfbJ8d4DXzpPleM.jpg,rag9ojxu0gmkit6s8hwo6uxuxkhk,Adell,"Repellendus hic inventore facere esse odio. Dolores unde alias sit similique impedit nulla rem. Perferendis iure odio soluta sed totam iure quia aliquid reprehenderit. Voluptatum vel harum modi dignissimos. Dolorem mollitia accusamus impedit illum eveniet ipsum. Sit magnam asperiores neque laudantium enim blanditiis.
Nam quod ratione similique ut praesentium veritatis. Iste delectus dignissimos labore. Debitis pariatur perspiciatis eum consequuntur alias vitae eaque. Repellendus id corrupti a error sequi suscipit consectetur sequi. Delectus saepe voluptatem. Totam libero perspiciatis totam hic reprehenderit quisquam voluptatibus.
Maxime officia maiores totam neque illum. Quas quidem error dicta sapiente recusandae vel neque quaerat. Odio ad veritatis beatae quam. Perferendis sint commodi reiciendis itaque aliquam labore aliquid illum. Harum cum expedita cupiditate maiores. Libero quod ipsum commodi dolor ex dicta.",2023-04-04T23:17:25.855Z,true,4
Sherman,https://b.thumbs.redditmedia.com/RRtdKL6l1z23OgSptLZQoN7KWCHZk2O_k0I2UaFXOXQ.jpg,lq14bt14hjus31okusj37zb3wnin,Loren,Accusantium corrupti aperiam placeat unde maiores cumque. Repellendus consequatur culpa rem hic quod ipsum et. Eaque rerum labore quaerat officia nostrum aut perferendis sed nesciunt. Fuga quibusdam atque soluta eveniet nihil tempore unde quibusdam. Sequi consequuntur adipisci accusantium dolor explicabo mollitia non veniam. Minus magnam amet vel architecto qui sint corrupti ratione.,2023-04-10T09:10:05.103Z,true,4
Bulah,"https://api.dicebear.com/6.x/lorelei/png/seed=7jo2ltngx3jt2qllfkxgkem9t6mz&backgroundColor=ffdfbf,ffd5dc,d1d4f9,c0aede,b6e3f4",7jo2ltngx3jt2qllfkxgkem9t6mz,Hillary,"Facere a cupiditate. Modi impedit illum quia voluptatum dolorum distinctio commodi. Dolores repudiandae placeat. Expedita impedit soluta sequi. Quibusdam harum atque similique dolore veritatis quaerat ullam consectetur. Non placeat hic deserunt officia nemo nemo incidunt porro.
Deleniti ad qui animi. Neque nihil eveniet eveniet perspiciatis iste. Eos beatae reiciendis libero iste mollitia excepturi. Adipisci nobis vero tempora beatae cupiditate. Vitae tenetur maiores fugiat sequi dicta. Quibusdam iure amet unde impedit earum tenetur.
Aperiam quam debitis. Distinctio facere expedita. Est debitis placeat nemo incidunt nemo rerum unde vitae. Sit alias minus.",2023-04-11T02:27:00.561Z,true,3
Isadore,https://b.thumbs.redditmedia.com/xs_u4kMf82sA_jXAUNfQNEkyEaaM2vZ5Vnl0HwJJWgE.jpg,08xvhg7ap25gf2s8th0xzrp7gzaa,Misty,Magnam quaerat et totam debitis a at labore excepturi. Veniam esse eligendi. At ipsam saepe cumque alias optio unde accusantium. Eius amet rem dolores quasi ad aliquam modi aut deserunt.,2023-03-30T20:11:34.440Z,false,4
Jamaal,https://b.thumbs.redditmedia.com/RRtdKL6l1z23OgSptLZQoN7KWCHZk2O_k0I2UaFXOXQ.jpg,ng4t45bhnfsi8cocteg2mafl8a2l,Tracey,Recusandae alias totam alias laboriosam eos ea tempore id illo. Minus adipisci alias ex. Illo quam quas magni sapiente. Minus molestiae amet atque saepe natus veritatis nisi. Dolore quos earum consectetur adipisci beatae voluptatibus.,2023-04-12T12:59:15.361Z,false,3
Darrin,https://b.thumbs.redditmedia.com/xs_u4kMf82sA_jXAUNfQNEkyEaaM2vZ5Vnl0HwJJWgE.jpg,9b9q2z55pmx3huro0zp2vp4khwnt,Kane,"Quaerat cumque laudantium odit. Asperiores autem saepe distinctio vero sed. Quisquam fugit soluta reprehenderit dignissimos quos non aliquid.
Eius officiis quis ipsam iusto. Porro nisi distinctio modi. Magnam rerum esse illo. Modi quidem praesentium.",2023-04-14T15:58:38.818Z,true,4
Cullen,https://a.thumbs.redditmedia.com/kM9vASDtXw-XIRzkCIJ5X2Hp67mGY2VtobjwdMo97k0.jpg,vaduuak70z9v24gixxdee3ebkhc7,Bobbie,Perferendis est voluptatem laborum. Consequuntur earum similique pariatur rem velit voluptatem voluptatum. Repudiandae blanditiis nulla reprehenderit earum occaecati. Laboriosam illo minus illum. Minima rem quidem consequatur incidunt libero dignissimos quam veniam asperiores.,2023-03-29T10:58:08.592Z,true,5
Emory,https://b.thumbs.redditmedia.com/NqLXMy-LezhItv_nk76GXeMZ_grIjctWaqiy42eD2dE.jpg,j40jjzw03qaurd13b55vpl3u6a0a,Rodrigo,"Aut voluptates doloremque ex eligendi iste nihil quod accusamus quisquam. Quae aspernatur delectus corporis minima aut quam. Rerum eius dignissimos recusandae voluptatum et repellat labore. Amet suscipit animi nisi optio. Temporibus a adipisci veritatis labore corporis.
Quisquam sint quibusdam ad rem beatae autem autem ab voluptates. Nostrum aliquid totam. Ut architecto cumque commodi nulla reprehenderit unde quo provident minus. Quae exercitationem cum explicabo ipsam cumque sit vitae hic mollitia.",2023-04-02T07:26:14.973Z,true,1
Myrtis,https://b.thumbs.redditmedia.com/NqLXMy-LezhItv_nk76GXeMZ_grIjctWaqiy42eD2dE.jpg,2whvub30lw1914qs1fqhnn9hsa0p,Jakayla,Nulla mollitia enim soluta quod neque illo. Tenetur dolorem eius laudantium blanditiis nihil in. Impedit placeat asperiores repellendus debitis repudiandae modi ut repudiandae nisi. Minus illum aspernatur nesciunt deserunt accusantium nam odio nulla. Cum possimus repellendus placeat dolor doloremque. Neque optio itaque exercitationem.,2023-04-04T21:15:20.250Z,false,3
Carrie,"https://api.dicebear.com/6.x/lorelei/png/seed=ghg2105n05eawncy37hrtojsu87x&backgroundColor=ffdfbf,ffd5dc,d1d4f9,c0aede,b6e3f4",ghg2105n05eawncy37hrtojsu87x,Freddie,Rem in aliquam dolorem officiis ducimus iste possimus. Voluptate dolorum distinctio dolor debitis eos distinctio libero. Non distinctio tenetur officiis possimus distinctio tempore consequatur minima in.,2023-04-03T03:02:54.277Z,true,5
River,https://b.thumbs.redditmedia.com/5wnyKRdZmjgABfQHOThAXVLVILl2k3Kg7o7RJzvlVKc.jpg,f9h9wui1yps6192uku85myx3s5as,Obie,Quidem nostrum deserunt. Voluptatibus doloremque tempore iusto. Molestias enim ipsam debitis. Consectetur voluptates accusamus repellat pariatur iusto. Asperiores dignissimos quos consectetur sint ducimus hic delectus.,2023-04-15T23:49:46.269Z,true,2
Reilly,https://a.thumbs.redditmedia.com/Usr6E3JlyQrAQefPcn-g5PvWRgsuxBm1sr9vD0mfzA0.jpg,ex4weln0il56kboa539sh2eckzc9,Pietro,"Ullam occaecati aperiam excepturi ullam placeat. Provident molestiae accusantium nesciunt placeat repellat. Fuga voluptates minus asperiores. Quo beatae iusto dignissimos. Autem eveniet reiciendis id adipisci dolorum beatae. Deserunt minima repellat totam.
Numquam sed quisquam nihil odio sint quod dolores assumenda odit. Ea odio excepturi architecto. Libero nisi aliquam veniam voluptate illo accusamus. Nulla officiis sint sed nesciunt iusto repellat modi saepe.
Ipsa sed fugiat. Natus culpa rem sunt repudiandae modi necessitatibus nisi exercitationem. Necessitatibus ducimus sit officia repellendus ab dicta.",2023-04-04T08:56:50.474Z,false,1
Tyrel,https://b.thumbs.redditmedia.com/2CWGtte5_zRsAsmx5Y2A5T8FbidtNw4-2WTjOmL48yM.jpg,6iccg8b38o3mpystjx5ktuswr3a4,Linda,"Harum nostrum maxime. Earum natus totam voluptatem rem iste voluptatem. Adipisci minus possimus excepturi unde doloremque libero odit. Quos dolorum vel. Nobis suscipit iusto iste possimus provident. Soluta magni magnam ab mollitia ducimus accusamus aut.
Nemo aliquid quibusdam. Quia nihil a ipsam aperiam nesciunt fuga. Doloremque vero ipsum officiis expedita similique unde illo. Tempore est corrupti eum voluptas quas. Quidem eveniet impedit beatae ab. Quos voluptas deserunt ipsam.",2023-04-19T00:24:40.184Z,false,2
Irma,"https://api.dicebear.com/6.x/lorelei/png/seed=p92ek8uiimm8e00r8153v6zep9dk&backgroundColor=ffdfbf,ffd5dc,d1d4f9,c0aede,b6e3f4",p92ek8uiimm8e00r8153v6zep9dk,Marge,"Aut rem esse dolores veritatis occaecati reiciendis. Quia facilis culpa odio. Tenetur fugit consequuntur deserunt doloremque mollitia nostrum. Aut eius sunt.
Earum consequatur nobis expedita sapiente. Eius numquam et. Numquam sunt expedita sint magni aliquam officia quibusdam.",2023-04-02T07:03:27.446Z,true,1
Albertha,https://a.thumbs.redditmedia.com/Usr6E3JlyQrAQefPcn-g5PvWRgsuxBm1sr9vD0mfzA0.jpg,djzzif170oxyyjsa3ej6rdfmou8v,Bonnie,Quidem animi dolor cumque odio repellendus ut molestias ratione distinctio. Ea unde officiis reiciendis. In facilis veritatis cupiditate magni modi voluptas quod unde ipsum. Provident itaque consectetur dicta repellendus nobis fugiat libero iusto optio. Corrupti et a. Perferendis sequi vero eos omnis consequatur ipsum eos quas.,2023-04-20T04:11:47.238Z,true,3
Earl,https://b.thumbs.redditmedia.com/NqLXMy-LezhItv_nk76GXeMZ_grIjctWaqiy42eD2dE.jpg,alkgd4m409rjhntagzwegchtrmtr,Spencer,Eos rerum molestias debitis. Alias debitis esse saepe illo minima maiores sapiente velit. Excepturi repellat excepturi enim sequi provident porro. Quis ipsum incidunt nisi culpa provident soluta nihil iure laboriosam.,2023-04-23T07:02:11.546Z,true,4
Bernice,"https://external-preview.redd.it/_hfQa7epHqDSk1nqUcrwAZMp6kc8mOvUPlFg4xmEoPg.png?width=140&amp;height=140&amp;crop=140:140,smart&amp;format=jpg&amp;v=enabled&amp;lthumb=true&amp;s=978946c011fdcc126fa381815a9a6739463512f8",x6nwdkhq9lu8p0ylp0svpmk9sbgj,Polly,Iure accusantium modi necessitatibus illo eveniet reiciendis debitis minus. Fugit voluptates earum dolores quae rem praesentium quisquam. Occaecati omnis sunt aliquam quo laborum libero. Iste culpa cum. Cumque deleniti nemo alias natus facilis quod deleniti reiciendis rem. Officiis magnam voluptates beatae aliquid.,2023-04-13T10:01:25.182Z,true,3
Mike,"https://api.dicebear.com/6.x/lorelei/png/seed=p9tz54g9zafye3sgvsqd1z3d9pr1&backgroundColor=ffdfbf,ffd5dc,d1d4f9,c0aede,b6e3f4",p9tz54g9zafye3sgvsqd1z3d9pr1,Caesar,"Porro in atque numquam. Aut aliquam similique veritatis iure quidem. Fuga corrupti modi laborum aspernatur est modi labore. Voluptates id incidunt incidunt amet quisquam eveniet. Sint optio ab optio deserunt eveniet dolores pariatur illum.
Hic voluptas quaerat tenetur reiciendis dolores consectetur a. Totam animi adipisci quo assumenda blanditiis voluptate. Recusandae unde qui officia unde quos vel soluta fugit. Placeat ducimus repudiandae.
Cum earum placeat vero ex. Numquam distinctio officia iste tenetur doloremque. Esse eveniet alias est laboriosam ab. Minus in ipsum nisi nulla dolor rerum neque tempora doloremque. Numquam dolorum magnam est vitae.",2023-04-02T23:55:57.915Z,true,4
Linwood,"https://api.dicebear.com/6.x/lorelei/png/seed=mfq39y4h0pxn3x1nvc846pwuyx4g&backgroundColor=ffdfbf,ffd5dc,d1d4f9,c0aede,b6e3f4",mfq39y4h0pxn3x1nvc846pwuyx4g,Darius,"Dignissimos temporibus ipsa tenetur consequuntur amet. Blanditiis iusto qui soluta eum suscipit eligendi placeat natus fugiat. Nihil autem fugit fugit asperiores ad quis maxime iusto. Nostrum laudantium totam repellendus dolor ipsa iusto neque minima. Earum dignissimos eaque aliquid incidunt accusantium voluptates ipsa ipsum culpa.
Fugit quis quis. Rem perspiciatis aut accusamus suscipit quos. Minima ea hic commodi aliquid id inventore. Quibusdam voluptatem eos nulla quae laboriosam commodi labore.
Eos vitae eligendi itaque. Similique fugiat ipsam. Temporibus natus deleniti. Laborum adipisci nam recusandae. Animi id quis eius nesciunt.",2023-04-19T23:57:16.691Z,true,3
Marina,https://b.thumbs.redditmedia.com/mx-3LueuSoQDtldaNTbkTjxly6bcEfbJ8d4DXzpPleM.jpg,v23g0d7vgm0kiqien7cq01tf7f0h,Wilhelmine,In sunt odio iste veniam aut odit odio debitis. Enim magni dolore ipsam repellat consequuntur at itaque dicta. Delectus distinctio ducimus optio officia quo rem. Quisquam autem consectetur nesciunt dicta quos ipsum tempora.,2023-04-09T07:28:24.620Z,true,3
Jared,"https://api.dicebear.com/6.x/lorelei/png/seed=xeuprtn5pgngvey5t9i09a39zm46&backgroundColor=ffdfbf,ffd5dc,d1d4f9,c0aede,b6e3f4",xeuprtn5pgngvey5t9i09a39zm46,Karli,"Quibusdam quaerat accusantium quis. Velit provident natus praesentium molestiae ipsam. Minus ad explicabo quos. Soluta dolores nulla labore occaecati voluptatum facere.
Saepe repellendus laudantium. Cumque tempora id cupiditate unde odit explicabo ut reiciendis. Sed tempora incidunt earum ut.",2023-04-12T12:05:49.172Z,true,4
Bernadette,"https://api.dicebear.com/6.x/lorelei/png/seed=2rcku77fog4fm964f0ioc9rsg80w&backgroundColor=ffdfbf,ffd5dc,d1d4f9,c0aede,b6e3f4",2rcku77fog4fm964f0ioc9rsg80w,Annetta,"Repellendus aliquid commodi minus inventore aliquam id. Maiores nemo iure consequuntur enim dolorem assumenda neque quia. Aperiam a in laudantium minus maxime quisquam sed. Minima autem tenetur. Tenetur at nihil illum cupiditate fugit.
Modi beatae alias excepturi nostrum voluptas error dignissimos. Mollitia cumque temporibus quas dolore sapiente esse vero eius. Voluptates quos quam quibusdam temporibus ex praesentium dolor ipsa.",2023-04-19T04:10:44.832Z,false,2
Herman,https://b.thumbs.redditmedia.com/2CWGtte5_zRsAsmx5Y2A5T8FbidtNw4-2WTjOmL48yM.jpg,uxe3osxctwrar3r7ihy2to5fk2rx,Anika,"Praesentium aliquam nostrum rem iste cum. Fugit aliquid corrupti laudantium dolor provident odio. Consequatur sequi beatae minus corrupti error unde fuga.
Praesentium pariatur hic ipsum minima. Hic aliquam consequuntur magnam vero iste sed quisquam. Vitae dolores minima nisi cumque nesciunt nostrum fugit ipsum doloremque.
Dicta atque debitis harum quia sit facere facilis. Assumenda tempore corrupti vero sint excepturi. Dignissimos id laboriosam tempora aut laborum sunt culpa mollitia. Non dolorem provident. Quisquam cumque quas ea doloribus similique eius fugit amet quis. Asperiores delectus impedit repellat tempore fugiat veniam atque impedit quo.",2023-04-04T14:59:20.591Z,true,3
Madalyn,https://b.thumbs.redditmedia.com/D3R1TvQ8jCvDp_HKsmvQD009pW5RfXdrPoW3eXJvQfg.jpg,m49cly30pabdujuh6utahf4mnl4y,Jayde,"Est minus perferendis repellendus molestiae labore animi modi delectus. Quae sed consectetur neque natus. Tempora eos corporis ab fugiat repellat incidunt repellat numquam quidem.
In enim maiores autem tempora sint aliquid voluptate rerum saepe. Labore doloribus natus aliquid. Rem quaerat qui alias quia incidunt nesciunt omnis praesentium mollitia. Culpa perferendis quibusdam laudantium excepturi eveniet temporibus.",2023-03-30T09:56:40.681Z,true,1
Aylin,"https://api.dicebear.com/6.x/lorelei/png/seed=fedne7hg5zu4bveo26yjrft61380&backgroundColor=ffdfbf,ffd5dc,d1d4f9,c0aede,b6e3f4",fedne7hg5zu4bveo26yjrft61380,Amaya,"Tempore asperiores ad qui earum veritatis natus magni. Praesentium delectus occaecati harum unde vitae. Occaecati eligendi minima non blanditiis ea porro blanditiis. Animi possimus laborum illo.
Ex qui laborum voluptas assumenda harum perspiciatis quo. Labore nam autem eum. Deserunt blanditiis aliquam debitis iusto hic delectus. Totam minus architecto nobis dolorem animi debitis incidunt. Blanditiis nam aliquam. Doloremque beatae quasi minus sapiente aspernatur eum vero.
Iusto neque adipisci repellendus cupiditate quasi veritatis quaerat occaecati facere. Voluptatem incidunt deserunt maxime voluptates. Atque voluptatibus maxime maiores cum. Quam occaecati odio recusandae itaque.",2023-03-28T17:58:19.088Z,false,3
Stephon,"https://api.dicebear.com/6.x/lorelei/png/seed=lz1uvqnvjrr1loahbus3ck9mpt9y&backgroundColor=ffdfbf,ffd5dc,d1d4f9,c0aede,b6e3f4",lz1uvqnvjrr1loahbus3ck9mpt9y,Anthony,"Voluptatum esse molestias nulla. Cupiditate libero quidem vero tenetur. Libero enim quia quaerat explicabo ut quos similique ex.
Possimus iure magni et qui. Provident cupiditate qui aperiam quas. Impedit ex rerum quas alias. Ad ab impedit adipisci. Dolore sunt voluptatibus voluptate.
Amet ducimus quaerat voluptatibus dolore soluta tenetur odit dicta. Vel dolorum nihil cupiditate. Quod excepturi perspiciatis. Quo quo doloremque reprehenderit nobis recusandae tenetur aut omnis blanditiis. Ipsum ex libero molestias ad recusandae enim dolor occaecati deleniti. At odio impedit cum.",2023-04-19T14:41:26.181Z,true,1
Ashtyn,https://b.thumbs.redditmedia.com/VEfHMZRmk8uWYzuqKaEnQafm80C0Kch8EeCCeBY_yUs.jpg,31360fajkth7tplybaaj769uit58,Jeffrey,"Nobis sapiente fugiat aliquid laborum occaecati quidem quaerat. Quaerat praesentium autem quos exercitationem expedita tenetur fugit asperiores. Fugit alias nihil voluptates asperiores cumque deleniti officia id iste. Quisquam corporis ullam sint. Ullam mollitia necessitatibus. Laborum optio modi.
Beatae perspiciatis commodi illum sint officiis sequi. Eius sit quae eum impedit. Nemo accusamus voluptatibus quae. Optio autem ab accusantium adipisci ipsum.
Rerum fuga accusantium et. Magni eos voluptates neque ipsa quo. Debitis ad suscipit. Exercitationem molestias nihil beatae expedita beatae debitis. Fugit nihil ex nisi alias ullam enim architecto adipisci inventore.",2023-04-17T19:06:56.676Z,true,2
Sammy,"https://api.dicebear.com/6.x/lorelei/png/seed=ag67vafs4rutu6k9zchoe9n7s6g3&backgroundColor=ffdfbf,ffd5dc,d1d4f9,c0aede,b6e3f4",ag67vafs4rutu6k9zchoe9n7s6g3,Tobin,"Itaque unde ea. Itaque error illum modi dignissimos perferendis architecto sit. Accusamus suscipit quis id optio quas nobis modi.
Voluptates repellat ab. Natus aperiam rem eveniet ut velit quo aspernatur repellat rerum. Deleniti corporis eveniet harum. Tenetur sit explicabo sequi reprehenderit doloribus vero. Reiciendis nostrum tempora molestiae ex provident. Quia nulla ducimus rerum dolores voluptatibus eum quibusdam.
Ab eveniet sed. Quis nisi animi consequuntur ut non recusandae. Aliquam qui doloremque esse accusantium assumenda facere eos incidunt recusandae. Iusto incidunt excepturi sapiente eaque numquam et eveniet. Facilis expedita velit ex eligendi. Minima inventore eius laudantium dignissimos unde reprehenderit nemo.",2023-04-22T10:13:50.248Z,false,3
Blaise,https://b.thumbs.redditmedia.com/D3R1TvQ8jCvDp_HKsmvQD009pW5RfXdrPoW3eXJvQfg.jpg,u1gqzekri97y264g44syr8a2upeq,Leonard,"Quasi voluptatum vero voluptas. Accusantium quibusdam laboriosam voluptate consequatur recusandae laudantium. Aliquid earum vero. Rerum iure doloremque temporibus.
Corrupti quasi debitis voluptatum amet rem occaecati facere voluptas omnis. Natus asperiores ratione nulla tempora expedita unde quasi dolorum. Dolor et eligendi porro. Dolor qui ipsum sint saepe. Praesentium eaque labore dolor beatae maiores. Dolorem magnam est impedit cupiditate officiis odit.
Molestiae quo labore quibusdam fugiat illum modi asperiores dignissimos. Omnis animi deserunt libero fugiat commodi ab inventore necessitatibus. Enim enim natus adipisci explicabo. Cum blanditiis vero fugiat reprehenderit quibusdam accusamus modi. Inventore ratione suscipit quia impedit soluta voluptatum praesentium ratione voluptatibus.",2023-04-08T05:44:27.125Z,false,3
Meggie,https://b.thumbs.redditmedia.com/mx-3LueuSoQDtldaNTbkTjxly6bcEfbJ8d4DXzpPleM.jpg,l1z164gind9h6hl2dnkn68ur2yzc,Fredrick,"Ea hic ad occaecati illo harum sunt molestiae enim. Eligendi officia recusandae id eaque. Rerum sunt ullam alias sed quae. Nulla nesciunt accusamus.
Dignissimos assumenda quidem repellat itaque ipsa saepe. Molestiae dicta eius animi ullam at omnis blanditiis illum. Veritatis ad iusto aut voluptatem corrupti. Quisquam illo odio ipsum facilis cupiditate facere voluptatum officiis.",2023-04-04T05:10:24.720Z,false,1
Danny,https://b.thumbs.redditmedia.com/NqLXMy-LezhItv_nk76GXeMZ_grIjctWaqiy42eD2dE.jpg,ojxp9mjsc1kjt2esrkft4zhc1y1o,Adelle,"Exercitationem nobis suscipit. Esse ullam doloribus minus suscipit ducimus sunt minima beatae doloremque. Doloribus reprehenderit culpa quasi explicabo iste consequuntur fuga. Alias cupiditate neque voluptate eius modi voluptatem repellendus. Laboriosam aliquam ullam numquam repellat dolorum voluptas id ullam rerum.
Sunt ex officia repellendus architecto doloribus molestiae accusamus voluptatem. Veniam magni possimus sequi eaque amet amet iste. Quisquam vitae soluta error hic debitis delectus explicabo recusandae. Qui sit voluptatem et odit quasi dolores eius saepe.
Ducimus iure dignissimos voluptatibus suscipit. Eaque architecto necessitatibus. Cumque neque ipsum suscipit amet praesentium voluptate est.",2023-04-16T08:10:26.603Z,true,5
Cornell,https://b.thumbs.redditmedia.com/9xf8MHx58yYuGA7CtTizqhjbmLs8az2922xv3CLm3jI.jpg,z3m95lyphdbkz0a4yf43iawdsosc,Deon,Rem quas necessitatibus nemo similique. Placeat esse consequatur deserunt a quae blanditiis. Assumenda asperiores voluptatum sed quae ipsum.,2023-04-03T15:44:34.128Z,false,1
Betty,https://b.thumbs.redditmedia.com/D3R1TvQ8jCvDp_HKsmvQD009pW5RfXdrPoW3eXJvQfg.jpg,qa79uftxqwadxqgnnslygi1rx5lm,Maria,"Recusandae repellendus quam atque adipisci earum. Voluptates repudiandae error nobis asperiores velit. Ab possimus ab sunt ad unde cupiditate.
Magnam laudantium sequi fugit enim suscipit. Eos porro asperiores aspernatur sapiente. Eligendi accusantium tempore laboriosam vero amet. Ipsa laborum sed tenetur esse incidunt perspiciatis itaque id. Illo voluptate blanditiis dolor laborum ex eius eveniet a neque. Reiciendis inventore quos dolor suscipit temporibus incidunt modi quo.",2023-04-18T00:12:54.608Z,true,2
Korey,https://b.thumbs.redditmedia.com/VEfHMZRmk8uWYzuqKaEnQafm80C0Kch8EeCCeBY_yUs.jpg,lsufyozq5s7fplx6d28i3f4vdxmh,Davin,"Dolorem atque impedit molestiae vel fugiat repellat. Culpa voluptas voluptatibus reiciendis doloribus voluptate suscipit dolorum. Quam pariatur facilis reiciendis laudantium.
Voluptates impedit quod similique dicta. Iste voluptatibus sed neque facilis dicta consectetur. Numquam perspiciatis veritatis vel tenetur esse. Dicta reiciendis quae rem expedita eligendi tempora. Laudantium animi rerum officia quod ut quisquam quaerat quaerat.",2023-04-11T18:15:14.238Z,false,4
Dan,https://b.thumbs.redditmedia.com/9xf8MHx58yYuGA7CtTizqhjbmLs8az2922xv3CLm3jI.jpg,xumr2caken6p6wyarkj7y7mubn7u,Dorthy,"Nobis ducimus cupiditate debitis autem ratione porro incidunt quod debitis. Nulla vero ipsum omnis mollitia quibusdam repudiandae. Reiciendis saepe in. Nulla voluptatum quaerat blanditiis voluptates excepturi porro architecto eos eum. Illo maxime eius quis qui. Est est quaerat perferendis.
Assumenda odit rerum. Numquam illum totam eligendi molestiae debitis quam vel explicabo excepturi. Ab animi facere voluptatum. Expedita deleniti ex suscipit deserunt illum. Excepturi nulla unde.",2023-04-21T14:29:00.918Z,false,2
Rickey,https://b.thumbs.redditmedia.com/VEfHMZRmk8uWYzuqKaEnQafm80C0Kch8EeCCeBY_yUs.jpg,webt841timtbawsiweodjzdfyl1z,Hunter,"Iure animi harum ab eius voluptatem modi. Provident consequatur consequuntur aliquid vero alias illum pariatur. Possimus asperiores cupiditate quam laboriosam illo quos. Aut reprehenderit earum adipisci facere aut. Saepe illum doloremque aperiam nostrum ratione culpa distinctio aperiam. Fuga sequi dolorem error quidem possimus blanditiis.
Beatae modi blanditiis rem sed est dicta amet. Numquam nemo perferendis voluptatem nisi ipsa itaque alias. Laborum nam nam esse repudiandae nemo nesciunt tenetur culpa. Velit sunt rerum. A aliquam temporibus molestiae. Et esse nemo odit ullam quos vero quod ut incidunt.",2023-04-24T06:05:35.146Z,true,2
Bradford,https://a.thumbs.redditmedia.com/Usr6E3JlyQrAQefPcn-g5PvWRgsuxBm1sr9vD0mfzA0.jpg,jl8tr2a1lr3sa6mr076xx614fn3v,Guido,Hic sed sapiente incidunt aspernatur atque. Ea molestiae rerum dolores perferendis amet. Fugiat eum iusto iusto magni ipsa possimus. Fuga labore vel vitae.,2023-04-21T05:00:28.248Z,true,3
Griffin,https://b.thumbs.redditmedia.com/9xf8MHx58yYuGA7CtTizqhjbmLs8az2922xv3CLm3jI.jpg,51j169jvpxgyx9qa8i83mw81pldb,Ronny,Repellendus occaecati accusantium nemo numquam. Natus accusantium modi voluptate. Quae iste voluptatum. Odit tempore cum deleniti rem libero.,2023-04-19T03:55:17.801Z,true,1
Nicolette,https://b.thumbs.redditmedia.com/NqLXMy-LezhItv_nk76GXeMZ_grIjctWaqiy42eD2dE.jpg,cwear5x19rigobb1s3ehiithbzms,Muhammad,Ab illo velit voluptatum ea neque error. Nam quas dolorem saepe itaque commodi nostrum nobis. Iure maiores sunt aspernatur placeat beatae aliquid inventore odio. Minus ut corrupti minima maxime vel maxime minus ipsum voluptates.,2023-04-12T22:43:15.503Z,true,3
Victor,https://b.thumbs.redditmedia.com/mx-3LueuSoQDtldaNTbkTjxly6bcEfbJ8d4DXzpPleM.jpg,9xv1h534a2w81u6nysmdsj5a9j84,Kylee,"Autem magni accusantium non voluptate architecto veniam tempora sunt amet. Libero inventore velit eveniet voluptates voluptatem. Praesentium cupiditate quam vitae iure voluptates quibusdam. Officiis quia quam delectus aliquam qui iure reiciendis. Odit fugiat labore in rem eum dolorum commodi officia exercitationem. Ipsam laudantium nostrum vel deserunt dolorem assumenda.
Exercitationem architecto dolor magnam aperiam id harum provident quam ut. Minima enim numquam distinctio amet. Quod laudantium vitae quisquam reiciendis ab hic delectus.
Animi repellendus eligendi ut assumenda omnis fuga aliquid doloribus. Exercitationem quisquam dolores fuga aliquid ipsum voluptatibus quos beatae tenetur. Veniam sed accusantium architecto ut ipsam esse.",2023-04-15T12:33:17.005Z,false,4
Destiney,"https://api.dicebear.com/6.x/lorelei/png/seed=c37u3237as9g6ntx2ki92vehwboh&backgroundColor=ffdfbf,ffd5dc,d1d4f9,c0aede,b6e3f4",c37u3237as9g6ntx2ki92vehwboh,Karelle,Ex facere beatae provident officia deserunt tempora quos. Ex a quibusdam dolorum molestiae assumenda nemo quia repellat. Mollitia veritatis doloremque. Voluptatibus quae error in nisi.,2023-04-23T07:30:35.881Z,true,2
Kody,https://b.thumbs.redditmedia.com/9xf8MHx58yYuGA7CtTizqhjbmLs8az2922xv3CLm3jI.jpg,upzmandd25ouv8r5a1mwjwp7t54w,Arielle,"Quasi alias placeat repudiandae atque tenetur consectetur consectetur placeat. Veritatis voluptatum tempora itaque praesentium necessitatibus deserunt voluptatibus. Praesentium est deserunt quasi fugiat soluta nihil nostrum blanditiis.
Asperiores magni minima sequi sit esse accusantium. Officiis minima possimus eum omnis doloribus. Vel earum officia aliquam non saepe adipisci fugiat. Quasi deserunt harum amet expedita.",2023-04-12T05:36:57.887Z,true,1
Destiny,https://b.thumbs.redditmedia.com/tsgp1dMOhyLAsOigd2xqPCx3gWWt41FV9Ngg1bnzBac.jpg,6dscx3fysz2y3wtoprfamtlw6yod,Stephan,"Unde officiis sint perferendis incidunt corrupti aliquid assumenda. Quaerat omnis illum debitis. Laudantium quibusdam saepe ducimus nisi ducimus fugit nostrum nihil.
Explicabo sed voluptatem. Vel iusto assumenda. Est laudantium minima dolores.",2023-03-28T06:21:36.487Z,false,2
Mathias,https://b.thumbs.redditmedia.com/xs_u4kMf82sA_jXAUNfQNEkyEaaM2vZ5Vnl0HwJJWgE.jpg,jolcacllnit23b9fjs3anky687qr,Creola,Illum eligendi eos maxime dolores mollitia earum voluptates distinctio eligendi. Mollitia nemo similique vel suscipit impedit. Sunt earum corporis doloremque debitis nemo explicabo cum ipsa corrupti. Ea officiis ea suscipit similique excepturi doloremque dignissimos.,2023-04-15T14:11:15.984Z,true,1
Blair,https://b.thumbs.redditmedia.com/6R4t73YgPegw8jmll8gEj3OYGHGkyKEiq_h8xwCL7WE.jpg,gxewxpk45zctpexfyncohwb10bi3,Lillie,"Doloribus eligendi quia provident adipisci fugit sed aut voluptatibus qui. Vel autem culpa. Esse dolorum aut. Ab ipsa dolor tenetur ad numquam repellendus nobis. Quo laboriosam magnam doloremque harum facere incidunt. Exercitationem iste voluptatum.
Natus accusantium aut accusantium consectetur veritatis error esse. Optio totam in pariatur tenetur asperiores occaecati. Consectetur cumque molestiae. Voluptate neque consequatur nam iure nostrum quasi saepe.
Illum ab aut asperiores suscipit autem quidem. Quibusdam occaecati iste ex tempora ab ex et placeat. In qui molestias ea pariatur. Ex beatae nemo veritatis debitis nobis doloribus modi. Aperiam quam possimus.",2023-03-28T07:24:37.990Z,false,4
Stuart,https://b.thumbs.redditmedia.com/HneKNUdDirVSIR4yUZiOPwLvxDSxgqwEt6_TRKB960s.jpg,hy5bh97ilgq8jsuj22i2kcvhp6kt,Etha,"Quo reiciendis est qui facere quod reprehenderit asperiores. Aliquid natus perspiciatis laborum iure. Labore facilis voluptatem adipisci quae autem aspernatur est in. Corrupti voluptatem vel reprehenderit tenetur pariatur architecto.
Blanditiis quo ducimus at distinctio provident adipisci cum molestias. Accusantium assumenda voluptatum modi veritatis quidem vitae vitae enim excepturi. Neque itaque quas necessitatibus iste ab laudantium.
Blanditiis minus neque nobis est. Dignissimos repellendus hic totam tempora asperiores autem a. Officia labore quis. Asperiores cupiditate expedita harum ea. Possimus necessitatibus magnam reiciendis reprehenderit deserunt esse autem.",2023-04-06T00:14:27.847Z,false,1
Oleta,https://b.thumbs.redditmedia.com/D3R1TvQ8jCvDp_HKsmvQD009pW5RfXdrPoW3eXJvQfg.jpg,27g147sl903yab9ad2sn2ldgbfvj,Immanuel,"Omnis porro assumenda. Sequi distinctio corrupti illo minima molestias dolor explicabo soluta. Quia perferendis dolor non beatae animi error occaecati provident. Veniam corporis qui culpa et aut. Sed aut esse ex voluptatum libero possimus omnis distinctio iure. Distinctio soluta officiis architecto.
Inventore mollitia quos quia atque non perferendis veritatis nemo labore. Fugit quidem numquam laboriosam deleniti minus occaecati placeat saepe voluptatum. Ratione doloribus inventore pariatur. Doloribus cumque nobis impedit voluptatibus repudiandae.",2023-04-21T12:29:58.679Z,true,3
Bart,https://b.thumbs.redditmedia.com/TbEt1N0UWN9diuuU8Gv4dr03EiAomc4E4T6Cm5V7rLY.jpg,kw52vjpge6e2q9ec3k793u3icypp,Armand,Est incidunt veniam nulla voluptatum exercitationem. Perferendis eligendi alias blanditiis. Magnam neque modi. Expedita voluptate ut impedit ipsum quos veniam. Recusandae maxime nostrum vitae nihil libero tenetur aut consectetur. Architecto saepe laudantium.,2023-04-16T08:05:40.820Z,false,1
Ally,https://b.thumbs.redditmedia.com/D3R1TvQ8jCvDp_HKsmvQD009pW5RfXdrPoW3eXJvQfg.jpg,21e4p0grpaud848ypvhln7912i93,Gaetano,"Consequuntur totam ut nam voluptatem illo iusto quibusdam modi facilis. Consequuntur ab mollitia voluptas illum. Sit quia laboriosam eaque nemo omnis inventore blanditiis quisquam tempore. Beatae fugit quae molestias accusantium.
Quos odio beatae necessitatibus nulla molestiae eveniet dolorum maxime. Vitae enim rerum accusamus. Cupiditate ex distinctio ullam aut praesentium nostrum possimus. Consequatur quos itaque.
Commodi similique ipsam iure hic placeat vero adipisci dicta quas. Veritatis velit eius cumque expedita placeat corrupti suscipit labore saepe. Quas quibusdam nobis distinctio praesentium delectus fugiat nisi odio ad.",2023-04-17T01:41:50.719Z,true,4
Leland,https://b.thumbs.redditmedia.com/2CWGtte5_zRsAsmx5Y2A5T8FbidtNw4-2WTjOmL48yM.jpg,zybxrq3afvwgzjovdfynk1b9qbou,Kristin,"Eos illo aspernatur odit vel a mollitia quis cumque repellat. Nulla voluptas veritatis consectetur rem sed beatae assumenda maxime. Esse eaque odio quis doloribus eligendi.
Inventore quisquam eligendi. Eius accusantium ipsum quas sequi fuga. Enim et veritatis exercitationem alias fugiat repellendus modi minus. Accusantium possimus aliquam eveniet placeat accusantium officiis quod. Impedit commodi reprehenderit doloremque numquam sunt laudantium.",2023-04-17T03:43:29.791Z,true,3
Thaddeus,https://b.thumbs.redditmedia.com/mx-3LueuSoQDtldaNTbkTjxly6bcEfbJ8d4DXzpPleM.jpg,0rkvkr7kx7louc4ykqhjo3663b4h,Jared,"Libero illum fugiat ab accusamus similique amet voluptas laboriosam. Voluptatibus expedita ad ratione rem qui enim commodi. Incidunt blanditiis ipsam molestias a molestias fuga. At corporis totam doloribus voluptate magni.
Quibusdam eaque impedit laudantium ipsum in deserunt sed assumenda perferendis. Quod minus in. Dolore amet eveniet suscipit. Quae iusto inventore cum dolores asperiores vel. Amet libero aspernatur maxime quaerat vero dolor ipsam eius blanditiis. Fuga placeat alias asperiores.",2023-04-17T12:36:28.455Z,true,4
Winona,https://b.thumbs.redditmedia.com/9xf8MHx58yYuGA7CtTizqhjbmLs8az2922xv3CLm3jI.jpg,ung2d750s8hrwv8ymaqu09dve1l2,Esmeralda,"Aliquid commodi nam fugiat minima. Quaerat iusto veniam reprehenderit. Totam impedit architecto repudiandae perferendis repellendus accusantium.
Voluptatum quasi vitae laborum. Reprehenderit error suscipit est eligendi eius magnam. Veniam placeat aliquid sit. Dicta perferendis ipsa velit deleniti nihil. Provident iusto excepturi fuga officia sunt vel cupiditate.",2023-04-25T11:20:14.236Z,false,3
Brooklyn,https://b.thumbs.redditmedia.com/tsgp1dMOhyLAsOigd2xqPCx3gWWt41FV9Ngg1bnzBac.jpg,48tjpn23husotvvvtvtzsqg26fco,Raquel,"Nesciunt ducimus reiciendis nulla nam cum beatae nisi commodi. Distinctio dolore deserunt quo. Quae aspernatur esse. Porro ratione assumenda. Expedita corrupti temporibus modi itaque optio nihil blanditiis sint quo. Harum vel quam harum ipsum minus perspiciatis molestias animi sed.
Quibusdam dicta ratione ratione rem quidem beatae aspernatur reiciendis dolorum. Officia tenetur dolorem dolorum. Repellat maxime quasi eligendi tempore ipsa nihil itaque. Laboriosam consequuntur quam ipsum itaque enim repudiandae dolorum. Culpa dolor iure error porro sunt sapiente.",2023-04-07T02:25:26.437Z,false,1
